Spikes_Times,Trial_index,UnitNum,Spike_Time_in_Trial,LogicStim,TrialOutcome,StimType,layer,Unit Type,Whisker
86.28355,17,44,0.27511499999999955,7,2,VTN,L2_3,RS,B2
90.966664,18,44,0.28233799999999576,6,2,VTN,L2_3,RS,B3
100.28346,20,44,0.24235099999999932,15,2,RHR,L2_3,RS,B3
105.398806,21,44,0.6825259999999957,9,2,RHR,L2_3,RS,D3
114.502402,23,44,0.4253790000000066,0,2,VTN,L2_3,RS,D3
114.605435,23,44,0.528412000000003,0,2,VTN,L2_3,RS,D3
114.668068,23,44,0.5910450000000083,0,2,VTN,L2_3,RS,D3
119.036817,24,44,0.27630200000000116,6,2,VTN,L2_3,RS,B3
119.10305,24,44,0.34253499999999804,6,2,VTN,L2_3,RS,B3
119.400282,24,44,0.6397670000000062,6,2,VTN,L2_3,RS,B3
123.868797,25,44,0.4309910000000059,0,2,VTN,L2_3,RS,D3
128.327813,26,44,0.2106759999999781,13,2,RHR,L2_3,RS,C2
128.419879,26,44,0.30274199999999496,13,2,RHR,L2_3,RS,C2
128.474545,26,44,0.3574079999999924,13,2,RHR,L2_3,RS,C2
128.637211,26,44,0.5200739999999939,13,2,RHR,L2_3,RS,C2
142.732654,29,44,0.5651220000000023,3,2,VTN,L2_3,RS,C3
143.128352,29,44,0.9608200000000124,3,2,VTN,L2_3,RS,C3
147.276402,30,44,0.43129899999999566,0,2,VTN,L2_3,RS,D3
147.284602,30,44,0.4394990000000121,0,2,VTN,L2_3,RS,D3
151.795817,31,44,0.26746299999999223,4,2,VTN,L2_3,RS,C2
152.070049,31,44,0.5416950000000043,4,2,VTN,L2_3,RS,C2
165.78126,34,44,0.21583100000000854,4,2,VTN,L2_3,RS,C2
165.85776,34,44,0.29233100000001855,4,2,VTN,L2_3,RS,C2
165.86936,34,44,0.3039310000000057,4,2,VTN,L2_3,RS,C2
166.180592,34,44,0.6151629999999955,4,2,VTN,L2_3,RS,C2
179.869203,37,44,0.2598999999999876,4,2,VTN,L2_3,RS,C2
179.905837,37,44,0.29653399999997987,4,2,VTN,L2_3,RS,C2
180.114969,37,44,0.5056659999999908,4,2,VTN,L2_3,RS,C2
180.570234,37,44,0.960930999999988,4,2,VTN,L2_3,RS,C2
191.030658,39,44,2.063772,7,2,VTN,L2_3,RS,B2
194.120879,40,44,0.4766620000000046,8,2,VTN,L2_3,RS,B1
213.511333,44,44,1.1513900000000206,16,2,RHR,L2_3,RS,B2
217.692383,45,44,0.6584689999999966,11,2,RHR,L2_3,RS,D1
218.064315,45,44,1.0304009999999835,11,2,RHR,L2_3,RS,D1
241.940851,50,44,1.4818400000000054,5,2,VTN,L2_3,RS,C1
255.179531,53,44,0.6796060000000068,13,2,RHR,L2_3,RS,C2
255.34383,53,44,0.8439050000000066,13,2,RHR,L2_3,RS,C2
259.531047,54,44,0.37135000000000673,10,2,RHR,L2_3,RS,D2
264.501227,55,44,0.6614789999999857,4,2,VTN,L2_3,RS,C2
268.813409,56,44,0.28392900000000054,4,2,VTN,L2_3,RS,C2
268.939575,56,44,0.41009500000001253,4,2,VTN,L2_3,RS,C2
287.620299,60,44,0.3679740000000038,17,2,RHR,L2_3,RS,B1
287.802132,60,44,0.5498069999999871,17,2,RHR,L2_3,RS,B1
288.36893,60,44,1.1166049999999927,17,2,RHR,L2_3,RS,B1
288.721495,60,44,1.4691700000000196,17,2,RHR,L2_3,RS,B1
294.212106,61,44,2.2814089999999965,1,2,VTN,L2_3,RS,D2
302.613372,63,44,1.3232930000000351,16,2,RHR,L2_3,RS,B2
302.628238,63,44,1.3381590000000188,16,2,RHR,L2_3,RS,B2
303.10887,63,44,1.818791000000033,16,2,RHR,L2_3,RS,B2
305.130362,62,44,8.51985400000001,9,2,RHR,L2_3,RS,D3
305.248728,63,44,3.9586490000000367,16,2,RHR,L2_3,RS,B2
306.846555,64,44,0.8815040000000067,10,2,RHR,L2_3,RS,D2
306.853488,64,44,0.8884370000000104,10,2,RHR,L2_3,RS,D2
307.387786,64,44,1.4227349999999888,10,2,RHR,L2_3,RS,D2
307.430186,64,44,1.4651349999999752,10,2,RHR,L2_3,RS,D2
311.918801,65,44,1.2734189999999899,0,2,VTN,L2_3,RS,D3
320.196134,67,44,0.1972889999999552,2,2,VTN,L2_3,RS,D1
320.519566,67,44,0.5207209999999804,2,2,VTN,L2_3,RS,D1
326.158243,68,44,1.4770260000000235,14,2,RHR,L2_3,RS,C1
326.482642,68,44,1.8014249999999947,14,2,RHR,L2_3,RS,C1
326.490175,68,44,1.8089580000000183,14,2,RHR,L2_3,RS,C1
330.663391,69,44,1.3030430000000024,15,2,RHR,L2_3,RS,B3
331.04709,69,44,1.686742000000038,15,2,RHR,L2_3,RS,B3
334.952141,70,44,0.9138619999999946,16,2,RHR,L2_3,RS,B2
340.205019,71,44,1.4871279999999842,15,2,RHR,L2_3,RS,B3
340.829917,71,44,2.1120260000000144,15,2,RHR,L2_3,RS,B3
343.747505,72,44,0.34936299999998255,13,2,RHR,L2_3,RS,C2
343.952737,72,44,0.5545950000000062,13,2,RHR,L2_3,RS,C2
344.267169,72,44,0.8690270000000169,13,2,RHR,L2_3,RS,C2
344.360569,72,44,0.962426999999991,13,2,RHR,L2_3,RS,C2
344.365636,72,44,0.9674939999999879,13,2,RHR,L2_3,RS,C2
344.380636,72,44,0.9824939999999742,13,2,RHR,L2_3,RS,C2
348.751918,73,44,0.6661639999999807,7,2,VTN,L2_3,RS,B2
354.643427,74,44,1.8782619999999497,2,2,VTN,L2_3,RS,D1
354.649194,74,44,1.8840289999999982,2,2,VTN,L2_3,RS,D1
381.184853,80,44,0.3297799999999711,7,2,VTN,L2_3,RS,B2
399.791944,84,44,0.2252250000000231,3,2,VTN,L2_3,RS,C3
400.443908,84,44,0.877189000000044,3,2,VTN,L2_3,RS,C3
400.546941,84,44,0.9802220000000261,3,2,VTN,L2_3,RS,C3
400.763907,84,44,1.1971880000000397,3,2,VTN,L2_3,RS,C3
400.985673,84,44,1.418954000000042,3,2,VTN,L2_3,RS,C3
415.615147,87,44,2.0002339999999776,14,2,RHR,L2_3,RS,C1
415.932045,87,44,2.317132000000015,14,2,RHR,L2_3,RS,C1
415.954745,87,44,2.3398320000000012,14,2,RHR,L2_3,RS,C1
419.873763,88,44,1.5799979999999891,8,2,VTN,L2_3,RS,B1
419.948362,88,44,1.654596999999967,8,2,VTN,L2_3,RS,B1
428.056563,90,44,0.4003349999999841,4,2,VTN,L2_3,RS,C2
428.290328,90,44,0.6340999999999894,4,2,VTN,L2_3,RS,C2
429.101758,90,44,1.4455300000000193,4,2,VTN,L2_3,RS,C2
429.119025,90,44,1.4627970000000232,4,2,VTN,L2_3,RS,C2
430.031755,90,44,2.375526999999977,4,2,VTN,L2_3,RS,C2
430.036888,90,44,2.3806599999999776,4,2,VTN,L2_3,RS,C2
434.013305,91,44,1.681666000000007,14,2,RHR,L2_3,RS,C1
434.018472,91,44,1.6868329999999787,14,2,RHR,L2_3,RS,C1
437.561291,92,44,0.5532010000000014,4,2,VTN,L2_3,RS,C2
442.195305,93,44,0.5112030000000232,14,2,RHR,L2_3,RS,C1
447.51885,94,44,1.1562169999999696,15,2,RHR,L2_3,RS,B3
448.703179,94,44,2.3405459999999607,15,2,RHR,L2_3,RS,B3
456.57058,96,44,0.8472040000000334,18,2,Blank,L2_3,RS,Blank
456.660647,96,44,0.9372710000000097,18,2,Blank,L2_3,RS,Blank
457.964875,96,44,2.241499000000033,18,2,Blank,L2_3,RS,Blank
460.73943,97,44,0.3366030000000251,13,2,RHR,L2_3,RS,C2
461.007029,97,44,0.6042019999999866,13,2,RHR,L2_3,RS,C2
461.217028,97,44,0.8142010000000255,13,2,RHR,L2_3,RS,C2
461.54876,97,44,1.1459330000000136,13,2,RHR,L2_3,RS,C2
462.846855,97,44,2.444028000000003,13,2,RHR,L2_3,RS,C2
470.385558,99,44,0.6343880000000013,14,2,RHR,L2_3,RS,C1
470.404857,99,44,0.6536869999999908,14,2,RHR,L2_3,RS,C1
470.948322,99,44,1.1971520000000169,14,2,RHR,L2_3,RS,C1
470.957922,99,44,1.2067519999999945,14,2,RHR,L2_3,RS,C1
474.657107,100,44,0.22872499999999718,1,2,VTN,L2_3,RS,D2
474.80874,100,44,0.3803580000000011,1,2,VTN,L2_3,RS,D2
479.74392,101,44,0.6358870000000252,12,2,RHR,L2_3,RS,C3
479.760586,101,44,0.6525530000000117,12,2,RHR,L2_3,RS,C3
480.431617,101,44,1.3235840000000394,12,2,RHR,L2_3,RS,C3
485.133398,102,44,1.346193000000028,10,2,RHR,L2_3,RS,D2
485.479996,102,44,1.6927910000000566,10,2,RHR,L2_3,RS,D2
489.996111,103,44,1.5302949999999669,15,2,RHR,L2_3,RS,B3
494.676026,104,44,1.5267189999999573,2,2,VTN,L2_3,RS,D1
494.686459,104,44,1.5371519999999919,2,2,VTN,L2_3,RS,D1
495.12879,104,44,1.9794829999999592,2,2,VTN,L2_3,RS,D1
495.283057,104,44,2.1337499999999636,2,2,VTN,L2_3,RS,D1
498.199245,105,44,0.364846,0,2,VTN,L2_3,RS,D3
498.235145,105,44,0.4007459999999696,0,2,VTN,L2_3,RS,D3
502.800393,106,44,0.28110299999997324,4,2,VTN,L2_3,RS,C2
503.213958,106,44,0.6946679999999787,4,2,VTN,L2_3,RS,C2
521.956948,110,44,0.6991719999999759,17,2,RHR,L2_3,RS,B1
522.40588,110,44,1.1481039999999894,17,2,RHR,L2_3,RS,B1
522.635879,110,44,1.37810300000001,17,2,RHR,L2_3,RS,B1
522.722412,110,44,1.4646359999999277,17,2,RHR,L2_3,RS,B1
522.875011,110,44,1.617234999999937,17,2,RHR,L2_3,RS,B1
522.880345,110,44,1.6225689999999986,17,2,RHR,L2_3,RS,B1
523.154543,110,44,1.8967669999999544,17,2,RHR,L2_3,RS,B1
523.160577,110,44,1.902800999999954,17,2,RHR,L2_3,RS,B1
526.607196,111,44,0.6739690000000564,14,2,RHR,L2_3,RS,C1
541.033604,114,44,1.0558229999999185,8,2,VTN,L2_3,RS,B1
541.075571,114,44,1.097789999999918,8,2,VTN,L2_3,RS,B1
541.27847,114,44,1.3006889999999203,8,2,VTN,L2_3,RS,B1
541.366369,114,44,1.3885879999999133,8,2,VTN,L2_3,RS,B1
541.463836,114,44,1.4860549999999648,8,2,VTN,L2_3,RS,B1
541.640168,114,44,1.662386999999967,8,2,VTN,L2_3,RS,B1
544.988288,115,44,0.33005500000001575,13,2,RHR,L2_3,RS,C2
545.336153,115,44,0.6779199999999719,13,2,RHR,L2_3,RS,C2
545.450453,115,44,0.792220000000043,13,2,RHR,L2_3,RS,C2
545.738218,115,44,1.0799849999999651,13,2,RHR,L2_3,RS,C2
545.745018,115,44,1.0867849999999635,13,2,RHR,L2_3,RS,C2
573.108807,121,44,0.37894599999992806,2,2,VTN,L2_3,RS,D1
575.005733,121,44,2.2758719999999357,2,2,VTN,L2_3,RS,D1
578.16372,122,44,0.7538070000000516,0,2,VTN,L2_3,RS,D3
592.588762,125,44,1.1429349999999658,6,2,VTN,L2_3,RS,B3
596.331446,126,44,0.20032800000001316,16,2,RHR,L2_3,RS,B2
601.032361,127,44,0.21871099999998478,12,2,RHR,L2_3,RS,C3
601.051761,127,44,0.23811100000000351,12,2,RHR,L2_3,RS,C3
601.060694,127,44,0.24704399999995985,12,2,RHR,L2_3,RS,C3
601.559725,127,44,0.7460749999999052,12,2,RHR,L2_3,RS,C3
601.566159,127,44,0.7525089999999182,12,2,RHR,L2_3,RS,C3
602.648121,127,44,1.834470999999894,12,2,RHR,L2_3,RS,C3
602.652887,127,44,1.8392369999999119,12,2,RHR,L2_3,RS,C3
603.008153,127,44,2.1945029999999406,12,2,RHR,L2_3,RS,C3
606.256206,128,44,0.7614650000000438,2,2,VTN,L2_3,RS,D1
606.664038,128,44,1.1692970000000287,2,2,VTN,L2_3,RS,D1
610.619288,129,44,0.4603349999999864,7,2,VTN,L2_3,RS,B2
611.06792,129,44,0.9089669999999614,7,2,VTN,L2_3,RS,B2
611.445185,129,44,1.286232000000041,7,2,VTN,L2_3,RS,B2
611.548085,129,44,1.3891320000000178,7,2,VTN,L2_3,RS,B2
611.86045,129,44,1.7014970000000176,7,2,VTN,L2_3,RS,B2
615.034371,130,44,0.21088699999995697,13,2,RHR,L2_3,RS,C2
615.156903,130,44,0.333419000000049,13,2,RHR,L2_3,RS,C2
615.18367,130,44,0.3601859999999988,13,2,RHR,L2_3,RS,C2
615.190137,130,44,0.3666530000000421,13,2,RHR,L2_3,RS,C2
615.542102,130,44,0.7186179999999922,13,2,RHR,L2_3,RS,C2
615.560302,130,44,0.7368179999999711,13,2,RHR,L2_3,RS,C2
615.8748,130,44,1.0513160000000425,13,2,RHR,L2_3,RS,C2
615.9652,130,44,1.141715999999974,13,2,RHR,L2_3,RS,C2
616.342799,130,44,1.519315000000006,13,2,RHR,L2_3,RS,C2
629.487645,133,44,0.6984060000000909,3,2,VTN,L2_3,RS,C3
630.113009,133,44,1.3237700000000814,3,2,VTN,L2_3,RS,C3
630.193342,133,44,1.4041030000000774,3,2,VTN,L2_3,RS,C3
630.314642,133,44,1.5254030000000967,3,2,VTN,L2_3,RS,C3
684.86322,145,44,0.20820199999991473,13,2,RHR,L2_3,RS,C2
685.425018,145,44,0.7699999999999818,13,2,RHR,L2_3,RS,C2
685.431851,145,44,0.7768330000000105,13,2,RHR,L2_3,RS,C2
685.534184,145,44,0.879165999999941,13,2,RHR,L2_3,RS,C2
689.597801,146,44,0.2878920000000562,0,2,VTN,L2_3,RS,D3
694.180116,147,44,0.2163950000000341,4,2,VTN,L2_3,RS,C2
694.323315,147,44,0.3595940000000155,4,2,VTN,L2_3,RS,C2
694.327815,147,44,0.3640940000000228,4,2,VTN,L2_3,RS,C2
694.558914,147,44,0.5951929999999948,4,2,VTN,L2_3,RS,C2
698.888797,148,44,0.276224999999954,13,2,RHR,L2_3,RS,C2
699.377628,148,44,0.7650559999999587,13,2,RHR,L2_3,RS,C2
699.588361,148,44,0.9757889999999634,13,2,RHR,L2_3,RS,C2
717.459188,152,44,0.22008900000002996,4,2,VTN,L2_3,RS,C2
717.696587,152,44,0.4574880000000121,4,2,VTN,L2_3,RS,C2
717.777187,152,44,0.5380880000000161,4,2,VTN,L2_3,RS,C2
718.73495,152,44,1.495851000000016,4,2,VTN,L2_3,RS,C2
731.426631,155,44,0.216858000000002,12,2,RHR,L2_3,RS,C3
731.570598,155,44,0.3608249999999771,12,2,RHR,L2_3,RS,C3
736.084813,156,44,0.22086800000010953,11,2,RHR,L2_3,RS,D1
737.064942,156,44,1.2009970000000294,11,2,RHR,L2_3,RS,D1
737.418707,156,44,1.5547620000000961,11,2,RHR,L2_3,RS,D1
745.517074,158,44,0.34986600000002,16,2,RHR,L2_3,RS,B2
746.715669,158,44,1.5484610000000885,16,2,RHR,L2_3,RS,B2
750.985752,159,44,1.1641329999999925,9,2,RHR,L2_3,RS,D3
751.261951,159,44,1.4403319999998985,9,2,RHR,L2_3,RS,D3
751.725082,159,44,1.903462999999988,9,2,RHR,L2_3,RS,D3
751.730349,159,44,1.9087299999999914,9,2,RHR,L2_3,RS,D3
759.312318,161,44,0.17487500000004275,9,2,RHR,L2_3,RS,D3
759.746783,161,44,0.6093400000000884,9,2,RHR,L2_3,RS,D3
759.75175,161,44,0.6143070000000534,9,2,RHR,L2_3,RS,D3
759.997482,161,44,0.8600390000000289,9,2,RHR,L2_3,RS,D3
760.868945,161,44,1.7315020000000914,9,2,RHR,L2_3,RS,D3
764.244798,162,44,0.45242399999995087,3,2,VTN,L2_3,RS,C3
764.495231,162,44,0.7028569999999945,3,2,VTN,L2_3,RS,C3
764.512331,162,44,0.7199570000000222,3,2,VTN,L2_3,RS,C3
765.052162,162,44,1.2597879999999577,3,2,VTN,L2_3,RS,C3
765.302894,162,44,1.5105200000000423,3,2,VTN,L2_3,RS,C3
765.685792,162,44,1.893417999999997,3,2,VTN,L2_3,RS,C3
769.034812,163,44,0.587346000000025,3,2,VTN,L2_3,RS,C3
769.109045,163,44,0.6615790000000743,3,2,VTN,L2_3,RS,C3
769.808276,163,44,1.360810000000015,3,2,VTN,L2_3,RS,C3
774.782555,164,44,1.6820780000000468,12,2,RHR,L2_3,RS,C3
775.257887,164,44,2.157410000000027,12,2,RHR,L2_3,RS,C3
778.215675,165,44,0.45770600000003014,3,2,VTN,L2_3,RS,C3
778.374974,165,44,0.6170049999999492,3,2,VTN,L2_3,RS,C3
778.838139,165,44,1.0801699999999528,3,2,VTN,L2_3,RS,C3
778.909105,165,44,1.1511359999999513,3,2,VTN,L2_3,RS,C3
779.005205,165,44,1.2472360000000435,3,2,VTN,L2_3,RS,C3
779.170604,165,44,1.412635000000023,3,2,VTN,L2_3,RS,C3
787.292005,167,44,0.21793300000001636,12,2,RHR,L2_3,RS,C3
787.62757,167,44,0.5534979999999905,12,2,RHR,L2_3,RS,C3
801.65468,170,44,0.5639740000000302,2,2,VTN,L2_3,RS,D1
824.689886,175,44,0.21100300000000516,13,2,RHR,L2_3,RS,C2
824.957452,175,44,0.47856899999999314,13,2,RHR,L2_3,RS,C2
825.172451,175,44,0.6935680000000275,13,2,RHR,L2_3,RS,C2
825.597649,175,44,1.1187660000000506,13,2,RHR,L2_3,RS,C2
825.663982,175,44,1.1850990000000365,13,2,RHR,L2_3,RS,C2
825.855348,175,44,1.376465000000053,13,2,RHR,L2_3,RS,C2
838.874362,178,44,0.358284000000026,13,2,RHR,L2_3,RS,C2
839.195994,178,44,0.6799160000000484,13,2,RHR,L2_3,RS,C2
839.304127,178,44,0.7880490000000009,13,2,RHR,L2_3,RS,C2
863.077564,183,44,1.162789000000089,9,2,RHR,L2_3,RS,D3
867.268113,184,44,0.6702470000000176,3,2,VTN,L2_3,RS,C3
881.399256,187,44,0.7595560000000887,6,2,VTN,L2_3,RS,B3
881.413023,187,44,0.7733230000000049,6,2,VTN,L2_3,RS,B3
881.804321,187,44,1.164621000000011,6,2,VTN,L2_3,RS,B3
885.603806,188,44,0.2772139999999581,4,2,VTN,L2_3,RS,C2
885.720372,188,44,0.39377999999999247,4,2,VTN,L2_3,RS,C2
894.946534,190,44,0.2585589999999911,10,2,RHR,L2_3,RS,D2
894.955968,190,44,0.2679929999999331,10,2,RHR,L2_3,RS,D2
904.699795,192,44,0.6499579999999696,13,2,RHR,L2_3,RS,C2
905.02946,192,44,0.9796229999999468,13,2,RHR,L2_3,RS,C2
905.03366,192,44,0.9838230000000294,13,2,RHR,L2_3,RS,C2
914.765554,194,44,1.349333999999999,14,2,RHR,L2_3,RS,C1
918.544472,195,44,0.45080000000007203,0,2,VTN,L2_3,RS,D3
918.649305,195,44,0.5556330000000571,0,2,VTN,L2_3,RS,D3
918.684238,195,44,0.5905660000000807,0,2,VTN,L2_3,RS,D3
919.13107,195,44,1.0373980000000529,0,2,VTN,L2_3,RS,D3
919.144403,195,44,1.0507310000000416,0,2,VTN,L2_3,RS,D3
919.253169,195,44,1.1594969999999876,0,2,VTN,L2_3,RS,D3
919.559035,195,44,1.4653630000000248,0,2,VTN,L2_3,RS,D3
919.565935,195,44,1.472262999999998,0,2,VTN,L2_3,RS,D3
937.134597,199,44,0.3181999999999334,7,2,VTN,L2_3,RS,B2
937.520128,199,44,0.7037309999999479,7,2,VTN,L2_3,RS,B2
937.730694,199,44,0.9142969999999195,7,2,VTN,L2_3,RS,B2
937.784727,199,44,0.9683299999999235,7,2,VTN,L2_3,RS,B2
937.876627,199,44,1.0602299999999332,7,2,VTN,L2_3,RS,B2
937.948027,199,44,1.1316299999999728,7,2,VTN,L2_3,RS,B2
938.133859,199,44,1.3174619999999777,7,2,VTN,L2_3,RS,B2
938.236259,199,44,1.4198619999999664,7,2,VTN,L2_3,RS,B2
938.565791,199,44,1.7493939999999384,7,2,VTN,L2_3,RS,B2
953.167932,202,44,2.319580999999971,6,2,VTN,L2_3,RS,B3
956.08392,203,44,0.559957000000054,16,2,RHR,L2_3,RS,B2
956.09332,203,44,0.5693569999999681,16,2,RHR,L2_3,RS,B2
956.152153,203,44,0.6281900000000178,16,2,RHR,L2_3,RS,B2
970.134963,206,44,0.571205999999961,13,2,RHR,L2_3,RS,C2
970.429161,206,44,0.8654040000000123,13,2,RHR,L2_3,RS,C2
970.526994,206,44,0.9632369999999355,13,2,RHR,L2_3,RS,C2
970.597994,206,44,1.0342369999999619,13,2,RHR,L2_3,RS,C2
970.825527,206,44,1.2617699999999559,13,2,RHR,L2_3,RS,C2
979.639424,208,44,0.7232040000000097,17,2,RHR,L2_3,RS,B1
979.644191,208,44,0.727971000000025,17,2,RHR,L2_3,RS,B1
979.856057,208,44,0.9398370000000114,17,2,RHR,L2_3,RS,B1
980.471021,208,44,1.5548009999999977,17,2,RHR,L2_3,RS,B1
980.639087,208,44,1.7228670000000648,17,2,RHR,L2_3,RS,B1
983.888273,209,44,0.28792199999998047,4,2,VTN,L2_3,RS,C2
983.99944,209,44,0.3990890000000036,4,2,VTN,L2_3,RS,C2
984.077039,209,44,0.47668799999996736,4,2,VTN,L2_3,RS,C2
984.180139,209,44,0.5797880000000077,4,2,VTN,L2_3,RS,C2
1002.729397,213,44,0.4037599999999202,9,2,RHR,L2_3,RS,D3
1003.415294,213,44,1.0896569999999883,9,2,RHR,L2_3,RS,D3
1003.555594,213,44,1.229957000000013,9,2,RHR,L2_3,RS,D3
1003.573227,213,44,1.2475899999999456,9,2,RHR,L2_3,RS,D3
1007.337812,214,44,0.3309239999999818,0,2,VTN,L2_3,RS,D3
1007.347145,214,44,0.3402569999999514,0,2,VTN,L2_3,RS,D3
1008.55634,214,44,1.5494519999999739,0,2,VTN,L2_3,RS,D3
1012.70609,215,44,1.0206699999999955,14,2,RHR,L2_3,RS,C1
1030.67595,219,44,0.26448500000014974,2,2,VTN,L2_3,RS,D1
1031.193481,219,44,0.7820160000001124,2,2,VTN,L2_3,RS,D1
1054.039889,224,44,0.2187669999998434,12,2,RHR,L2_3,RS,C3
1063.684283,226,44,0.5059380000000147,2,2,VTN,L2_3,RS,D1
1096.599016,233,44,0.6619109999999182,13,2,RHR,L2_3,RS,C2
1096.603716,233,44,0.6666110000001026,13,2,RHR,L2_3,RS,C2
1096.888848,233,44,0.9517430000000786,13,2,RHR,L2_3,RS,C2
1096.911548,233,44,0.9744430000000648,13,2,RHR,L2_3,RS,C2
1097.004848,233,44,1.067743000000064,13,2,RHR,L2_3,RS,C2
1110.37216,236,44,0.40394099999980426,3,2,VTN,L2_3,RS,C3
1111.19349,236,44,1.2252710000000206,3,2,VTN,L2_3,RS,C3
1111.198923,236,44,1.2307039999998324,3,2,VTN,L2_3,RS,C3
1129.40445,240,44,0.7090650000000096,7,2,VTN,L2_3,RS,B2
1129.705615,240,44,1.0102300000000923,7,2,VTN,L2_3,RS,B2
1143.31796,243,44,0.5568210000001272,9,2,RHR,L2_3,RS,D3
1143.445359,243,44,0.6842200000000958,9,2,RHR,L2_3,RS,D3
1143.797758,243,44,1.0366189999999733,9,2,RHR,L2_3,RS,D3
1143.868091,243,44,1.106952000000092,9,2,RHR,L2_3,RS,D3
1143.872858,243,44,1.1117189999999937,9,2,RHR,L2_3,RS,D3
1166.730465,248,44,0.5573890000000574,9,2,RHR,L2_3,RS,D3
1167.01653,248,44,0.8434540000000652,9,2,RHR,L2_3,RS,D3
1167.12363,248,44,0.950554000000011,9,2,RHR,L2_3,RS,D3
1170.868215,249,44,0.011328000000048633,14,2,RHR,L2_3,RS,C1
1171.750044,249,44,0.8931569999999738,14,2,RHR,L2_3,RS,C1
1172.847407,249,44,1.9905200000000605,14,2,RHR,L2_3,RS,C1
1173.256038,249,44,2.3991510000000744,14,2,RHR,L2_3,RS,C1
1195.294849,254,44,1.0453040000002147,12,2,RHR,L2_3,RS,C3
1195.458615,254,44,1.2090700000001107,12,2,RHR,L2_3,RS,C3
1203.771981,256,44,0.1615740000002006,2,2,VTN,L2_3,RS,D1
1203.897314,256,44,0.2869070000001557,2,2,VTN,L2_3,RS,D1
1217.924557,259,44,0.2823949999999513,2,2,VTN,L2_3,RS,D1
1218.252956,259,44,0.6107939999999417,2,2,VTN,L2_3,RS,D1
1218.317122,259,44,0.6749599999998281,2,2,VTN,L2_3,RS,D1
1237.034279,263,44,0.6748720000000503,12,2,RHR,L2_3,RS,C3
1242.639757,264,44,1.6016979999999421,16,2,RHR,L2_3,RS,B2
1261.457514,268,44,1.6951699999999619,16,2,RHR,L2_3,RS,B2
1261.59208,268,44,1.8297359999999117,16,2,RHR,L2_3,RS,B2
1292.64202,275,44,0.09351599999990867,2,2,VTN,L2_3,RS,D1
1292.800853,275,44,0.2523489999998674,2,2,VTN,L2_3,RS,D1
1292.80882,275,44,0.2603159999998752,2,2,VTN,L2_3,RS,D1
1292.82292,275,44,0.2744159999999738,2,2,VTN,L2_3,RS,D1
1306.935196,278,44,0.3415379999999004,11,2,RHR,L2_3,RS,D1
1307.073595,278,44,0.47993700000006356,11,2,RHR,L2_3,RS,D1
1307.079428,278,44,0.48577000000000226,11,2,RHR,L2_3,RS,D1
1317.286154,280,44,1.3309130000000096,7,2,VTN,L2_3,RS,B2
1317.29132,280,44,1.3360790000001543,7,2,VTN,L2_3,RS,B2
1317.633752,280,44,1.6785110000000714,7,2,VTN,L2_3,RS,B2
1317.647619,280,44,1.6923780000001898,7,2,VTN,L2_3,RS,B2
1320.862706,281,44,0.22633399999995163,4,2,VTN,L2_3,RS,C2
1320.937439,281,44,0.3010670000001028,4,2,VTN,L2_3,RS,C2
1320.956072,281,44,0.31970000000001164,4,2,VTN,L2_3,RS,C2
1320.968139,281,44,0.33176700000012715,4,2,VTN,L2_3,RS,C2
1321.098038,281,44,0.46166600000015023,4,2,VTN,L2_3,RS,C2
1321.117471,281,44,0.48109900000008565,4,2,VTN,L2_3,RS,C2
1321.124138,281,44,0.48776599999996506,4,2,VTN,L2_3,RS,C2
1321.133905,281,44,0.4975329999999758,4,2,VTN,L2_3,RS,C2
1321.226971,281,44,0.5905990000001111,4,2,VTN,L2_3,RS,C2
1321.232271,281,44,0.595899000000145,4,2,VTN,L2_3,RS,C2
1321.249771,281,44,0.6133990000000722,4,2,VTN,L2_3,RS,C2
1321.296437,281,44,0.6600650000000314,4,2,VTN,L2_3,RS,C2
1321.906135,281,44,1.2697630000000117,4,2,VTN,L2_3,RS,C2
1321.914135,281,44,1.27776300000005,4,2,VTN,L2_3,RS,C2
1326.37525,282,44,1.0551460000001498,6,2,VTN,L2_3,RS,B3
1336.793308,284,44,2.1231410000000324,9,2,RHR,L2_3,RS,D3
1336.966707,284,44,2.29654000000005,9,2,RHR,L2_3,RS,D3
1348.965292,287,44,0.2580110000001241,0,2,VTN,L2_3,RS,D3
1353.771872,288,44,0.3852600000000166,4,2,VTN,L2_3,RS,C2
1353.829872,288,44,0.4432600000000093,4,2,VTN,L2_3,RS,C2
1353.851705,288,44,0.4650930000000244,4,2,VTN,L2_3,RS,C2
1353.961572,288,44,0.5749599999999191,4,2,VTN,L2_3,RS,C2
1354.027971,288,44,0.6413589999999658,4,2,VTN,L2_3,RS,C2
1354.676002,288,44,1.289389999999912,4,2,VTN,L2_3,RS,C2
1363.119201,290,44,0.3640459999999166,16,2,RHR,L2_3,RS,B2
1372.168798,292,44,0.05898000000001957,11,2,RHR,L2_3,RS,D1
1372.179631,292,44,0.0698130000000674,11,2,RHR,L2_3,RS,D1
1377.004111,293,44,0.21628199999986464,4,2,VTN,L2_3,RS,C2
1377.097511,293,44,0.3096819999998388,4,2,VTN,L2_3,RS,C2
1377.120911,293,44,0.33308199999987664,4,2,VTN,L2_3,RS,C2
1377.250077,293,44,0.4622479999998177,4,2,VTN,L2_3,RS,C2
1377.260144,293,44,0.4723149999999805,4,2,VTN,L2_3,RS,C2
1377.338943,293,44,0.5511139999998704,4,2,VTN,L2_3,RS,C2
1377.374377,293,44,0.5865479999999934,4,2,VTN,L2_3,RS,C2
1377.42511,293,44,0.6372809999998026,4,2,VTN,L2_3,RS,C2
1406.386092,299,44,1.569193999999925,10,2,RHR,L2_3,RS,D2
1406.392459,299,44,1.5755609999998796,10,2,RHR,L2_3,RS,D2
1409.710479,300,44,0.23456899999996494,0,2,VTN,L2_3,RS,D3
1416.326685,301,44,2.195564000000104,6,2,VTN,L2_3,RS,B3
1428.334336,304,44,0.23545999999987544,3,2,VTN,L2_3,RS,C3
1434.760944,305,44,2.009456,1,2,VTN,L2_3,RS,D2
1451.510642,309,44,0.1255079999998543,16,2,RHR,L2_3,RS,B2
1451.521909,309,44,0.13677499999994325,16,2,RHR,L2_3,RS,B2
1451.950807,309,44,0.5656729999998333,16,2,RHR,L2_3,RS,B2
1462.569031,311,44,1.860433999999941,1,2,VTN,L2_3,RS,D2
1462.573197,311,44,1.8645999999998821,1,2,VTN,L2_3,RS,D2
1462.73333,311,44,2.0247329999999693,1,2,VTN,L2_3,RS,D2
1462.744297,311,44,2.035699999999906,1,2,VTN,L2_3,RS,D2
1462.966329,311,44,2.2577320000000327,1,2,VTN,L2_3,RS,D2
1463.134195,311,44,2.4255980000000363,1,2,VTN,L2_3,RS,D2
1463.139862,311,44,2.4312649999999394,1,2,VTN,L2_3,RS,D2
1467.390644,312,44,2.03095600000006,15,2,RHR,L2_3,RS,B3
1475.402379,314,44,0.7288670000000366,2,2,VTN,L2_3,RS,D1
1480.398392,315,44,1.0653090000000702,3,2,VTN,L2_3,RS,C3
1493.664105,318,44,0.35842700000011973,13,2,RHR,L2_3,RS,C2
1494.196802,318,44,0.8911239999999907,13,2,RHR,L2_3,RS,C2
1494.294369,318,44,0.9886910000000171,13,2,RHR,L2_3,RS,C2
1503.095766,320,44,0.4736649999999827,3,2,VTN,L2_3,RS,C3
1503.247166,320,44,0.625065000000177,3,2,VTN,L2_3,RS,C3
1503.380532,320,44,0.7584309999999732,3,2,VTN,L2_3,RS,C3
1503.943063,320,44,1.3209620000000086,3,2,VTN,L2_3,RS,C3
1512.175696,322,44,0.2374520000000757,3,2,VTN,L2_3,RS,C3
1512.622661,322,44,0.6844170000001668,3,2,VTN,L2_3,RS,C3
1541.234911,328,44,1.3520780000001196,5,2,VTN,L2_3,RS,C1
1545.327228,329,44,0.7826230000000578,16,2,RHR,L2_3,RS,B2
1545.384095,329,44,0.8394899999998415,16,2,RHR,L2_3,RS,B2
1559.739136,332,44,1.2190169999998943,17,2,RHR,L2_3,RS,B1
1559.828869,332,44,1.3087499999999181,17,2,RHR,L2_3,RS,B1
1560.094102,332,44,1.5739829999999984,17,2,RHR,L2_3,RS,B1
1560.179535,332,44,1.6594159999999647,17,2,RHR,L2_3,RS,B1
1560.264401,332,44,1.7442819999998846,17,2,RHR,L2_3,RS,B1
1560.5086,332,44,1.9884809999998652,17,2,RHR,L2_3,RS,B1
1563.709154,333,44,0.5328629999999066,3,2,VTN,L2_3,RS,C3
1568.574634,334,44,0.7437320000001364,17,2,RHR,L2_3,RS,B1
1573.029349,335,44,0.5375149999999849,16,2,RHR,L2_3,RS,B2
1577.573231,336,44,0.42598500000008244,8,2,VTN,L2_3,RS,B1
1578.157762,336,44,1.0105160000000524,8,2,VTN,L2_3,RS,B1
1578.164462,336,44,1.0172159999999622,8,2,VTN,L2_3,RS,B1
1578.562293,336,44,1.4150469999999586,8,2,VTN,L2_3,RS,B1
1578.65636,336,44,1.509113999999954,8,2,VTN,L2_3,RS,B1
1578.709226,336,44,1.5619799999999486,8,2,VTN,L2_3,RS,B1
1591.468308,339,44,0.34606800000005933,13,2,RHR,L2_3,RS,C2
1591.474741,339,44,0.3525010000000748,13,2,RHR,L2_3,RS,C2
1591.482341,339,44,0.360100999999986,13,2,RHR,L2_3,RS,C2
1591.924106,339,44,0.8018660000000182,13,2,RHR,L2_3,RS,C2
1592.024905,339,44,0.90266500000007,13,2,RHR,L2_3,RS,C2
1592.227605,339,44,1.1053650000001198,13,2,RHR,L2_3,RS,C2
1592.42007,339,44,1.2978299999999763,13,2,RHR,L2_3,RS,C2
1596.033222,340,44,0.25593000000003485,2,2,VTN,L2_3,RS,D1
1606.002649,342,44,0.9155339999999796,11,2,RHR,L2_3,RS,D1
1606.075748,342,44,0.9886329999999361,11,2,RHR,L2_3,RS,D1
1610.016332,343,44,0.267165999999861,3,2,VTN,L2_3,RS,C3
1610.112765,343,44,0.363599000000022,3,2,VTN,L2_3,RS,C3
1610.174132,343,44,0.42496600000004037,3,2,VTN,L2_3,RS,C3
1610.267498,343,44,0.518331999999873,3,2,VTN,L2_3,RS,C3
1610.761529,343,44,1.0123630000000503,3,2,VTN,L2_3,RS,C3
1610.947695,343,44,1.1985290000000077,3,2,VTN,L2_3,RS,C3
1614.67868,344,44,0.28034200000001874,6,2,VTN,L2_3,RS,B3
1628.841356,347,44,0.4727829999999358,8,2,VTN,L2_3,RS,B1
1628.875889,347,44,0.5073159999999461,8,2,VTN,L2_3,RS,B1
1629.421354,347,44,1.0527810000000954,8,2,VTN,L2_3,RS,B1
1629.623153,347,44,1.2545800000000327,8,2,VTN,L2_3,RS,B1
1629.847885,347,44,1.4793119999999362,8,2,VTN,L2_3,RS,B1
1629.919685,347,44,1.5511120000001029,8,2,VTN,L2_3,RS,B1
1633.406237,348,44,0.3811329999998634,16,2,RHR,L2_3,RS,B2
1642.712133,350,44,0.3740060000000085,0,2,VTN,L2_3,RS,D3
1657.425673,353,44,1.1117110000000139,9,2,RHR,L2_3,RS,D3
1657.666372,353,44,1.3524099999999635,9,2,RHR,L2_3,RS,D3
1657.681339,353,44,1.3673770000000331,9,2,RHR,L2_3,RS,D3
1657.689672,353,44,1.3757100000000264,9,2,RHR,L2_3,RS,D3
1657.704172,353,44,1.3902100000000246,9,2,RHR,L2_3,RS,D3
1657.917371,353,44,1.603409000000056,9,2,RHR,L2_3,RS,D3
1657.921505,353,44,1.6075430000000779,9,2,RHR,L2_3,RS,D3
1661.738422,354,44,0.769408999999996,7,2,VTN,L2_3,RS,B2
1670.561853,356,44,0.27349600000002283,13,2,RHR,L2_3,RS,C2
1670.677786,356,44,0.38942900000006375,13,2,RHR,L2_3,RS,C2
1670.985885,356,44,0.6975280000001476,13,2,RHR,L2_3,RS,C2
1671.348083,356,44,1.0597260000001825,13,2,RHR,L2_3,RS,C2
1671.460983,356,44,1.1726260000000366,13,2,RHR,L2_3,RS,C2
1671.560616,356,44,1.2722590000000764,13,2,RHR,L2_3,RS,C2
1704.558215,363,44,1.674058000000059,16,2,RHR,L2_3,RS,B2
1704.635048,363,44,1.7508910000001379,16,2,RHR,L2_3,RS,B2
1704.968914,363,44,2.0847570000000815,16,2,RHR,L2_3,RS,B2
1704.97278,363,44,2.088623000000098,16,2,RHR,L2_3,RS,B2
1707.814135,364,44,0.2716060000000198,4,2,VTN,L2_3,RS,C2
1707.846735,364,44,0.30420600000002196,4,2,VTN,L2_3,RS,C2
1707.903102,364,44,0.3605729999999312,4,2,VTN,L2_3,RS,C2
1708.031201,364,44,0.48867199999995137,4,2,VTN,L2_3,RS,C2
1708.878664,364,44,1.336135000000013,4,2,VTN,L2_3,RS,C2
1726.456793,368,44,0.2878180000000157,11,2,RHR,L2_3,RS,D1
1727.067691,368,44,0.8987159999999221,11,2,RHR,L2_3,RS,D1
1727.296723,368,44,1.1277479999998832,11,2,RHR,L2_3,RS,D1
1727.300656,368,44,1.131680999999844,11,2,RHR,L2_3,RS,D1
1727.581555,368,44,1.4125799999999344,11,2,RHR,L2_3,RS,D1
1727.90932,368,44,1.7403449999999339,11,2,RHR,L2_3,RS,D1
1728.06152,368,44,1.8925449999999273,11,2,RHR,L2_3,RS,D1
1750.15783,373,44,0.6973170000001119,3,2,VTN,L2_3,RS,C3
1750.494862,373,44,1.0343490000000202,3,2,VTN,L2_3,RS,C3
1750.704328,373,44,1.2438150000000405,3,2,VTN,L2_3,RS,C3
1750.709961,373,44,1.2494480000000294,3,2,VTN,L2_3,RS,C3
1763.651109,376,44,0.2194009999998343,12,2,RHR,L2_3,RS,C3
1763.814775,376,44,0.3830669999999827,12,2,RHR,L2_3,RS,C3
1763.819875,376,44,0.3881669999998394,12,2,RHR,L2_3,RS,C3
1772.999571,378,44,0.25076000000012755,12,2,RHR,L2_3,RS,C3
1773.356469,378,44,0.6076580000001286,12,2,RHR,L2_3,RS,C3
1773.682701,378,44,0.9338900000000194,12,2,RHR,L2_3,RS,C3
1774.174366,378,44,1.4255550000000312,12,2,RHR,L2_3,RS,C3
1774.268032,378,44,1.519221000000016,12,2,RHR,L2_3,RS,C3
1777.657019,379,44,0.25107699999989563,2,2,VTN,L2_3,RS,D1
1777.669252,379,44,0.2633099999998194,2,2,VTN,L2_3,RS,D1
1783.06463,380,44,1.0009959999999865,9,2,RHR,L2_3,RS,D3
1807.104799,385,44,1.7580679999998665,18,2,Blank,L2_3,RS,Blank
1807.415131,385,44,2.068399999999883,18,2,Blank,L2_3,RS,Blank
1807.424698,385,44,2.077966999999944,18,2,Blank,L2_3,RS,Blank
1807.510897,385,44,2.164166000000023,18,2,Blank,L2_3,RS,Blank
1824.319396,389,44,0.3389380000000983,13,2,RHR,L2_3,RS,C2
1824.325829,389,44,0.3453710000001138,13,2,RHR,L2_3,RS,C2
1824.678294,389,44,0.6978360000000521,13,2,RHR,L2_3,RS,C2
1824.686794,389,44,0.7063359999999648,13,2,RHR,L2_3,RS,C2
1824.778894,389,44,0.7984360000000379,13,2,RHR,L2_3,RS,C2
1825.010626,389,44,1.0301680000000033,13,2,RHR,L2_3,RS,C2
1825.183026,389,44,1.2025679999999284,13,2,RHR,L2_3,RS,C2
1828.856277,390,44,0.21632800000020325,4,2,VTN,L2_3,RS,C2
1829.056777,390,44,0.4168280000001232,4,2,VTN,L2_3,RS,C2
1829.061543,390,44,0.421594000000141,4,2,VTN,L2_3,RS,C2
1829.231876,390,44,0.5919270000001688,4,2,VTN,L2_3,RS,C2
1838.033607,392,44,0.08211500000015803,5,2,VTN,L2_3,RS,C1
1842.901554,393,44,0.2958499999999731,13,2,RHR,L2_3,RS,C2
1842.999453,393,44,0.39374899999984336,13,2,RHR,L2_3,RS,C2
1843.085786,393,44,0.48008200000003853,13,2,RHR,L2_3,RS,C2
1843.857183,393,44,1.2514790000000175,13,2,RHR,L2_3,RS,C2
1844.076849,393,44,1.4711449999999786,13,2,RHR,L2_3,RS,C2
1847.892567,394,44,0.6328920000000835,6,2,VTN,L2_3,RS,B3
1856.936897,396,44,0.3596380000001318,13,2,RHR,L2_3,RS,C2
1857.223662,396,44,0.6464030000001912,13,2,RHR,L2_3,RS,C2
1857.573394,396,44,0.9961350000000948,13,2,RHR,L2_3,RS,C2
1857.74386,396,44,1.166601000000128,13,2,RHR,L2_3,RS,C2
1866.481125,398,44,0.5929229999999279,0,2,VTN,L2_3,RS,D3
1867.179855,398,44,1.2916529999999966,0,2,VTN,L2_3,RS,D3
1870.951107,399,44,0.39925400000015543,15,2,RHR,L2_3,RS,B3
1875.489122,400,44,0.2814570000000458,4,2,VTN,L2_3,RS,C2
1875.530755,400,44,0.3230900000000929,4,2,VTN,L2_3,RS,C2
1875.552755,400,44,0.34509000000002743,4,2,VTN,L2_3,RS,C2
1875.689787,400,44,0.4821220000001176,4,2,VTN,L2_3,RS,C2
1880.008703,401,44,0.1459869999998773,7,2,VTN,L2_3,RS,B2
1884.821884,402,44,0.3065959999998995,4,2,VTN,L2_3,RS,C2
1884.831184,402,44,0.31589599999983875,4,2,VTN,L2_3,RS,C2
1884.94565,402,44,0.4303619999998318,4,2,VTN,L2_3,RS,C2
1885.245182,402,44,0.7298940000000584,4,2,VTN,L2_3,RS,C2
1885.253249,402,44,0.7379610000000412,4,2,VTN,L2_3,RS,C2
1885.942979,402,44,1.427690999999868,4,2,VTN,L2_3,RS,C2
1890.989292,403,44,1.8123129999999037,17,2,RHR,L2_3,RS,B1
1894.308245,404,44,0.47397399999999834,17,2,RHR,L2_3,RS,B1
1894.447678,404,44,0.613407000000052,17,2,RHR,L2_3,RS,B1
1894.603844,404,44,0.7695730000000367,17,2,RHR,L2_3,RS,B1
1894.723277,404,44,0.8890060000001085,17,2,RHR,L2_3,RS,B1
1894.754943,404,44,0.9206719999999677,17,2,RHR,L2_3,RS,B1
1894.761243,404,44,0.9269719999999779,17,2,RHR,L2_3,RS,B1
1896.224671,404,44,2.3903999999999996,17,2,RHR,L2_3,RS,B1
1898.499895,405,44,0.01581199999986893,15,2,RHR,L2_3,RS,B3
1899.556991,405,44,1.0729079999998703,15,2,RHR,L2_3,RS,B3
1900.376954,405,44,1.8928710000000137,15,2,RHR,L2_3,RS,B3
1900.818852,405,44,2.334769000000051,15,2,RHR,L2_3,RS,B3
1900.821919,405,44,2.3378359999999248,15,2,RHR,L2_3,RS,B3
1903.421342,406,44,0.2837680000000091,2,2,VTN,L2_3,RS,D1
1903.924573,406,44,0.7869989999999234,2,2,VTN,L2_3,RS,D1
1903.977339,406,44,0.839764999999943,2,2,VTN,L2_3,RS,D1
1904.129039,406,44,0.9914649999998346,2,2,VTN,L2_3,RS,D1
1904.217038,406,44,1.0794639999999163,2,2,VTN,L2_3,RS,D1
1904.67807,406,44,1.5404959999998482,2,2,VTN,L2_3,RS,D1
1904.685303,406,44,1.5477289999998902,2,2,VTN,L2_3,RS,D1
1917.780183,409,44,0.6655339999999796,2,2,VTN,L2_3,RS,D1
1922.201799,410,44,0.4321789999999055,3,2,VTN,L2_3,RS,C3
1922.201999,410,44,0.4323789999998553,3,2,VTN,L2_3,RS,C3
1931.440394,412,44,0.3555109999999786,13,2,RHR,L2_3,RS,C2
1931.548727,412,44,0.4638440000001083,13,2,RHR,L2_3,RS,C2
1931.964659,412,44,0.8797759999999926,13,2,RHR,L2_3,RS,C2
1931.965026,412,44,0.8801430000000892,13,2,RHR,L2_3,RS,C2
1932.056892,412,44,0.972009000000071,13,2,RHR,L2_3,RS,C2
1932.148658,412,44,1.0637750000000779,13,2,RHR,L2_3,RS,C2
1932.524557,412,44,1.4396739999999681,13,2,RHR,L2_3,RS,C2
1950.103985,416,44,0.3918949999999768,3,2,VTN,L2_3,RS,C3
1950.805049,416,44,1.0929590000000644,3,2,VTN,L2_3,RS,C3
1950.975949,416,44,1.2638589999999112,3,2,VTN,L2_3,RS,C3
1959.760913,418,44,0.7319200000001729,11,2,RHR,L2_3,RS,D1
1960.218878,418,44,1.1898850000000039,11,2,RHR,L2_3,RS,D1
1977.940139,422,44,0.27870000000007167,3,2,VTN,L2_3,RS,C3
1978.119305,422,44,0.45786599999996724,3,2,VTN,L2_3,RS,C3
1982.53692,423,44,0.22015000000010332,4,2,VTN,L2_3,RS,C2
1982.669087,423,44,0.3523170000000846,4,2,VTN,L2_3,RS,C2
1982.681053,423,44,0.36428300000011404,4,2,VTN,L2_3,RS,C2
1982.686186,423,44,0.3694160000000011,4,2,VTN,L2_3,RS,C2
1987.193802,424,44,0.21865999999999985,12,2,RHR,L2_3,RS,C3
1991.999315,425,44,0.36984099999995124,0,2,VTN,L2_3,RS,D3
1997.51666,426,44,1.229575000000068,17,2,RHR,L2_3,RS,B1
1997.832658,426,44,1.545573000000104,17,2,RHR,L2_3,RS,B1
2020.252567,431,44,0.6751440000000457,11,2,RHR,L2_3,RS,D1
2020.433233,431,44,0.8558100000000195,11,2,RHR,L2_3,RS,D1
2038.58146,435,44,0.37071100000002843,13,2,RHR,L2_3,RS,C2
2038.915292,435,44,0.7045429999998305,13,2,RHR,L2_3,RS,C2
2039.591989,435,44,1.3812399999999343,13,2,RHR,L2_3,RS,C2
2039.597022,435,44,1.3862729999998464,13,2,RHR,L2_3,RS,C2
2039.795255,435,44,1.5845059999999194,13,2,RHR,L2_3,RS,C2
2052.837668,438,44,0.6620440000001508,0,2,VTN,L2_3,RS,D3
2052.847935,438,44,0.6723109999998087,0,2,VTN,L2_3,RS,D3
2053.229,438,44,1.0533759999998438,0,2,VTN,L2_3,RS,D3
2053.3402,438,44,1.1645760000001246,0,2,VTN,L2_3,RS,D3
2053.350266,438,44,1.174641999999949,0,2,VTN,L2_3,RS,D3
2053.745965,438,44,1.5703410000000986,0,2,VTN,L2_3,RS,D3
2066.40888,441,44,0.2592620000000352,3,2,VTN,L2_3,RS,C3
2066.773379,441,44,0.623761000000286,3,2,VTN,L2_3,RS,C3
2066.784012,441,44,0.6343940000001567,3,2,VTN,L2_3,RS,C3
2066.791912,441,44,0.64229400000022,3,2,VTN,L2_3,RS,C3
2067.055577,441,44,0.9059590000001663,3,2,VTN,L2_3,RS,C3
2067.108244,441,44,0.9586260000000948,3,2,VTN,L2_3,RS,C3
2067.11761,441,44,0.9679919999998674,3,2,VTN,L2_3,RS,C3
2086.019534,445,44,1.236030000000028,5,2,VTN,L2_3,RS,C1
2103.627196,449,44,0.21076499999981024,13,2,RHR,L2_3,RS,C2
2103.830328,449,44,0.41389699999990626,13,2,RHR,L2_3,RS,C2
2117.774205,452,44,0.3878200000003744,12,2,RHR,L2_3,RS,C3
2136.28673,456,44,0.2670589999997901,4,2,VTN,L2_3,RS,C2
2136.395929,456,44,0.3762579999997797,4,2,VTN,L2_3,RS,C2
2136.465696,456,44,0.44602500000019063,4,2,VTN,L2_3,RS,C2
2136.475662,456,44,0.45599099999981263,4,2,VTN,L2_3,RS,C2
2136.483662,456,44,0.4639910000000782,4,2,VTN,L2_3,RS,C2
2136.531162,456,44,0.5114910000002055,4,2,VTN,L2_3,RS,C2
2136.591295,456,44,0.5716240000001562,4,2,VTN,L2_3,RS,C2
2136.612895,456,44,0.5932240000001912,4,2,VTN,L2_3,RS,C2
2136.625695,456,44,0.6060240000001613,4,2,VTN,L2_3,RS,C2
2137.488425,456,44,1.46875399999999,4,2,VTN,L2_3,RS,C2
2147.025086,458,44,1.6912710000001425,8,2,VTN,L2_3,RS,B1
2147.250119,458,44,1.9163039999998546,8,2,VTN,L2_3,RS,B1
2147.256319,458,44,1.9225040000001172,8,2,VTN,L2_3,RS,B1
2155.08552,460,44,0.4356820000002699,12,2,RHR,L2_3,RS,C3
2155.090287,460,44,0.4404490000001715,12,2,RHR,L2_3,RS,C3
2178.157993,465,44,0.21949799999993047,4,2,VTN,L2_3,RS,C2
2178.229426,465,44,0.2909310000000005,4,2,VTN,L2_3,RS,C2
2178.237059,465,44,0.29856400000016947,4,2,VTN,L2_3,RS,C2
2178.287426,465,44,0.3489309999999932,4,2,VTN,L2_3,RS,C2
2178.323892,465,44,0.38539700000001176,4,2,VTN,L2_3,RS,C2
2178.364126,465,44,0.4256310000000667,4,2,VTN,L2_3,RS,C2
2178.528192,465,44,0.5896970000003421,4,2,VTN,L2_3,RS,C2
2178.611891,465,44,0.6733960000001389,4,2,VTN,L2_3,RS,C2
2201.753564,470,44,0.5271710000001804,9,2,RHR,L2_3,RS,D3
2207.307208,471,44,1.4187230000002273,3,2,VTN,L2_3,RS,C3
2207.313908,471,44,1.425423000000137,3,2,VTN,L2_3,RS,C3
2215.432009,473,44,0.22970100000020466,2,2,VTN,L2_3,RS,D1
2215.541041,473,44,0.33873300000004747,2,2,VTN,L2_3,RS,D1
2234.133566,477,44,0.2871719999998277,4,2,VTN,L2_3,RS,C2
2234.308332,477,44,0.46193799999991825,4,2,VTN,L2_3,RS,C2
2234.345532,477,44,0.49913799999967523,4,2,VTN,L2_3,RS,C2
2234.377732,477,44,0.5313379999997778,4,2,VTN,L2_3,RS,C2
2234.423631,477,44,0.5772369999999682,4,2,VTN,L2_3,RS,C2
2234.437565,477,44,0.5911710000000312,4,2,VTN,L2_3,RS,C2
2234.449665,477,44,0.6032709999999497,4,2,VTN,L2_3,RS,C2
2234.460265,477,44,0.6138710000000174,4,2,VTN,L2_3,RS,C2
2248.479874,480,44,0.6658050000000912,9,2,RHR,L2_3,RS,D3
2309.876059,493,44,1.5175200000003315,8,2,VTN,L2_3,RS,B1
2313.417944,494,44,0.4041539999998349,11,2,RHR,L2_3,RS,D1
2322.621373,496,44,0.30551999999988766,2,2,VTN,L2_3,RS,D1
2337.33608,499,44,1.048471999999947,5,2,VTN,L2_3,RS,C1
2337.48108,499,44,1.1934719999999288,5,2,VTN,L2_3,RS,C1
2337.670246,499,44,1.3826380000000427,5,2,VTN,L2_3,RS,C1
2337.870345,499,44,1.5827369999997245,5,2,VTN,L2_3,RS,C1
2341.190965,500,44,0.24342499999966094,3,2,VTN,L2_3,RS,C3
2341.707929,500,44,0.760389000000032,3,2,VTN,L2_3,RS,C3
2350.979392,502,44,0.7151090000002114,1,2,VTN,L2_3,RS,D2
2350.989525,502,44,0.7252419999999802,1,2,VTN,L2_3,RS,D2
2351.299057,502,44,1.0347740000001977,1,2,VTN,L2_3,RS,D2
2351.494556,502,44,1.2302730000001247,1,2,VTN,L2_3,RS,D2
2364.705136,505,44,0.46513899999990826,0,2,VTN,L2_3,RS,D3
2369.127518,506,44,0.23234899999988556,3,2,VTN,L2_3,RS,C3
2369.733849,506,44,0.838680000000295,3,2,VTN,L2_3,RS,C3
2369.979581,506,44,1.0844120000001567,3,2,VTN,L2_3,RS,C3
2370.129281,506,44,1.2341120000000956,3,2,VTN,L2_3,RS,C3
2370.36788,506,44,1.4727109999998902,3,2,VTN,L2_3,RS,C3
2370.409946,506,44,1.514777000000322,3,2,VTN,L2_3,RS,C3
2378.768046,508,44,0.5607740000000376,2,2,VTN,L2_3,RS,D1
2387.898209,510,44,0.37967399999979534,17,2,RHR,L2_3,RS,B1
2392.625123,511,44,0.4508159999995769,9,2,RHR,L2_3,RS,D3
2397.116638,512,44,0.28287999999975,4,2,VTN,L2_3,RS,C2
2397.123071,512,44,0.28931299999976545,4,2,VTN,L2_3,RS,C2
2397.271404,512,44,0.43764599999985876,4,2,VTN,L2_3,RS,C2
2397.27717,512,44,0.44341199999962555,4,2,VTN,L2_3,RS,C2
2401.852452,513,44,0.3599220000000969,13,2,RHR,L2_3,RS,C2
2401.857152,513,44,0.36462200000005396,13,2,RHR,L2_3,RS,C2
2402.307617,513,44,0.8150869999999486,13,2,RHR,L2_3,RS,C2
2402.406116,513,44,0.913586000000123,13,2,RHR,L2_3,RS,C2
2415.793929,516,44,0.32936500000005253,1,2,VTN,L2_3,RS,D2
2416.882658,516,44,1.41809400000011,1,2,VTN,L2_3,RS,D2
2421.309406,517,44,1.1899499999999534,0,2,VTN,L2_3,RS,D3
2425.076291,518,44,0.30062299999963216,3,2,VTN,L2_3,RS,C3
2425.362657,518,44,0.5869889999999032,3,2,VTN,L2_3,RS,C3
2425.613389,518,44,0.837720999999874,3,2,VTN,L2_3,RS,C3
2425.617622,518,44,0.841953999999987,3,2,VTN,L2_3,RS,C3
2425.755855,518,44,0.9801869999996597,3,2,VTN,L2_3,RS,C3
2426.113153,518,44,1.3374849999995604,3,2,VTN,L2_3,RS,C3
2429.744905,519,44,0.30858600000010483,3,2,VTN,L2_3,RS,C3
2448.359063,523,44,0.30333799999971234,0,2,VTN,L2_3,RS,D3
2454.143006,524,44,1.4261489999998958,1,2,VTN,L2_3,RS,D2
2457.604459,525,44,0.2282310000000507,9,2,RHR,L2_3,RS,D3
2457.626559,525,44,0.25033099999973274,9,2,RHR,L2_3,RS,D3
2466.968588,527,44,0.2793770000002951,6,2,VTN,L2_3,RS,B3
2485.549146,531,44,0.22480799999993906,9,2,RHR,L2_3,RS,D3
2504.387736,535,44,0.43895199999997203,5,2,VTN,L2_3,RS,C1
2522.795928,539,44,0.21841799999992872,4,2,VTN,L2_3,RS,C2
2523.129193,539,44,0.5516830000001391,4,2,VTN,L2_3,RS,C2
2523.140993,539,44,0.5634829999999056,4,2,VTN,L2_3,RS,C2
2523.284392,539,44,0.7068819999999505,4,2,VTN,L2_3,RS,C2
2541.412519,543,44,0.21888300000000527,4,2,VTN,L2_3,RS,C2
2541.492952,543,44,0.29931600000008984,4,2,VTN,L2_3,RS,C2
2541.798884,543,44,0.6052479999998468,4,2,VTN,L2_3,RS,C2
2555.808394,546,44,0.6444430000001375,10,2,RHR,L2_3,RS,D2
2555.90176,546,44,0.7378090000001976,10,2,RHR,L2_3,RS,D2
2556.045759,546,44,0.8818080000000919,10,2,RHR,L2_3,RS,D2
2556.349558,546,44,1.1856069999998908,10,2,RHR,L2_3,RS,D2
2556.73639,546,44,1.5724390000000312,10,2,RHR,L2_3,RS,D2
2565.244422,548,44,0.7614880000000994,13,2,RHR,L2_3,RS,C2
2565.544621,548,44,1.0616869999998926,13,2,RHR,L2_3,RS,C2
2574.216586,550,44,0.42042899999978545,2,2,VTN,L2_3,RS,D1
2575.140082,550,44,1.3439249999996719,2,2,VTN,L2_3,RS,D1
2579.014133,551,44,0.5573240000003352,1,2,VTN,L2_3,RS,D2
2583.803013,552,44,0.6917530000000625,13,2,RHR,L2_3,RS,C2
2583.80908,552,44,0.6978199999998651,13,2,RHR,L2_3,RS,C2
2583.90168,552,44,0.7904199999998127,13,2,RHR,L2_3,RS,C2
2592.917443,554,44,0.49795999999969354,1,2,VTN,L2_3,RS,D2
2592.93741,554,44,0.5179269999998724,1,2,VTN,L2_3,RS,D2
2593.071376,554,44,0.6518929999997454,1,2,VTN,L2_3,RS,D2
2593.304775,554,44,0.8852919999999358,1,2,VTN,L2_3,RS,D2
2593.681607,554,44,1.262123999999858,1,2,VTN,L2_3,RS,D2
2601.96284,556,44,0.22233400000004622,3,2,VTN,L2_3,RS,C3
2601.978873,556,44,0.2383669999999256,3,2,VTN,L2_3,RS,C3
2602.02164,556,44,0.2811339999998381,3,2,VTN,L2_3,RS,C3
2602.149472,556,44,0.40896599999996397,3,2,VTN,L2_3,RS,C3
2602.293472,556,44,0.552965999999742,3,2,VTN,L2_3,RS,C3
2602.480138,556,44,0.7396319999998013,3,2,VTN,L2_3,RS,C3
2602.580037,556,44,0.8395310000000791,3,2,VTN,L2_3,RS,C3
2602.899369,556,44,1.1588630000001103,3,2,VTN,L2_3,RS,C3
2602.912436,556,44,1.1719299999999748,3,2,VTN,L2_3,RS,C3
2602.918903,556,44,1.178396999999677,3,2,VTN,L2_3,RS,C3
2603.193868,556,44,1.4533619999997427,3,2,VTN,L2_3,RS,C3
2611.435701,558,44,0.37849099999993996,17,2,RHR,L2_3,RS,B1
2611.517734,558,44,0.46052400000007765,17,2,RHR,L2_3,RS,B1
2611.6698,558,44,0.612590000000182,17,2,RHR,L2_3,RS,B1
2611.711334,558,44,0.654124000000138,17,2,RHR,L2_3,RS,B1
2611.722567,558,44,0.6653569999998581,17,2,RHR,L2_3,RS,B1
2611.736567,558,44,0.6793569999999818,17,2,RHR,L2_3,RS,B1
2612.072665,558,44,1.0154550000002018,17,2,RHR,L2_3,RS,B1
2612.155332,558,44,1.0981219999998757,17,2,RHR,L2_3,RS,B1
2616.045849,559,44,0.33546800000021904,13,2,RHR,L2_3,RS,C2
2616.053616,559,44,0.34323500000027707,13,2,RHR,L2_3,RS,C2
2621.260328,560,44,0.8960549999997056,11,2,RHR,L2_3,RS,D1
2621.429727,560,44,1.0654540000000452,11,2,RHR,L2_3,RS,D1
2621.628127,560,44,1.2638539999998102,11,2,RHR,L2_3,RS,D1
2621.63226,560,44,1.2679869999997209,11,2,RHR,L2_3,RS,D1
2626.56104,561,44,1.5374360000000706,8,2,VTN,L2_3,RS,B1
2626.56764,561,44,1.5440360000002329,8,2,VTN,L2_3,RS,B1
2630.806289,562,44,1.1211929999999484,8,2,VTN,L2_3,RS,B1
2630.989889,562,44,1.3047929999997905,8,2,VTN,L2_3,RS,B1
2631.077355,562,44,1.39225899999974,8,2,VTN,L2_3,RS,B1
2634.685974,563,44,0.3439469999998437,13,2,RHR,L2_3,RS,C2
2635.039872,563,44,0.6978449999996883,13,2,RHR,L2_3,RS,C2
2635.041939,563,44,0.6999120000000403,13,2,RHR,L2_3,RS,C2
2635.139705,563,44,0.7976779999999053,13,2,RHR,L2_3,RS,C2
2635.238805,563,44,0.8967779999998129,13,2,RHR,L2_3,RS,C2
2635.435971,563,44,1.0939439999997376,13,2,RHR,L2_3,RS,C2
2635.554137,563,44,1.2121099999999387,13,2,RHR,L2_3,RS,C2
2639.627887,564,44,0.6297279999998864,3,2,VTN,L2_3,RS,C3
2639.753153,564,44,0.7549939999998969,3,2,VTN,L2_3,RS,C3
2639.919752,564,44,0.9215929999995751,3,2,VTN,L2_3,RS,C3
2643.693937,565,44,0.03440700000010111,11,2,RHR,L2_3,RS,D1
2644.156169,565,44,0.4966389999999592,11,2,RHR,L2_3,RS,D1
2644.363401,565,44,0.7038710000001629,11,2,RHR,L2_3,RS,D1
2644.556534,565,44,0.8970039999999244,11,2,RHR,L2_3,RS,D1
2644.564067,565,44,0.9045369999998911,11,2,RHR,L2_3,RS,D1
2645.121165,565,44,1.4616350000001148,11,2,RHR,L2_3,RS,D1
2645.131998,565,44,1.4724679999999353,11,2,RHR,L2_3,RS,D1
2648.537417,566,44,0.2203549999999268,11,2,RHR,L2_3,RS,D1
2653.228898,567,44,0.2559439999999995,8,2,VTN,L2_3,RS,B1
2653.370664,567,44,0.3977100000001883,8,2,VTN,L2_3,RS,B1
2653.495864,567,44,0.5229100000001381,8,2,VTN,L2_3,RS,B1
2653.631463,567,44,0.658509000000322,8,2,VTN,L2_3,RS,B1
2654.147028,567,44,1.1740740000000187,8,2,VTN,L2_3,RS,B1
2654.178995,567,44,1.2060410000003685,8,2,VTN,L2_3,RS,B1
2654.44906,567,44,1.4761060000000725,8,2,VTN,L2_3,RS,B1
2654.627159,567,44,1.6542050000002746,8,2,VTN,L2_3,RS,B1
2658.310678,568,44,0.6738329999998314,7,2,VTN,L2_3,RS,B2
2658.45791,568,44,0.8210650000000896,7,2,VTN,L2_3,RS,B2
2667.409207,570,44,0.4603790000001027,0,2,VTN,L2_3,RS,D3
2667.463807,570,44,0.5149790000000394,0,2,VTN,L2_3,RS,D3
2668.624569,570,44,1.6757410000000164,0,2,VTN,L2_3,RS,D3
2668.811302,570,44,1.8624740000000202,0,2,VTN,L2_3,RS,D3
2668.826635,570,44,1.877806999999848,0,2,VTN,L2_3,RS,D3
2669.171467,570,44,2.222639000000072,0,2,VTN,L2_3,RS,D3
2672.699819,571,44,1.0974590000000717,7,2,VTN,L2_3,RS,B2
2673.444583,571,44,1.8422230000001036,7,2,VTN,L2_3,RS,B2
2681.303451,573,44,0.38214800000014293,13,2,RHR,L2_3,RS,C2
2681.604283,573,44,0.6829800000000432,13,2,RHR,L2_3,RS,C2
2690.63628,575,44,0.40455400000018926,3,2,VTN,L2_3,RS,C3
2690.793679,575,44,0.5619529999999031,3,2,VTN,L2_3,RS,C3
2690.800579,575,44,0.5688530000002174,3,2,VTN,L2_3,RS,C3
2690.885946,575,44,0.6542199999998957,3,2,VTN,L2_3,RS,C3
2690.965345,575,44,0.7336190000000897,3,2,VTN,L2_3,RS,C3
2690.974312,575,44,0.7425859999998465,3,2,VTN,L2_3,RS,C3
2691.321644,575,44,1.0899180000001252,3,2,VTN,L2_3,RS,C3
2691.436143,575,44,1.2044169999999212,3,2,VTN,L2_3,RS,C3
2696.174757,576,44,1.2853000000000065,2,2,VTN,L2_3,RS,D1
2699.753043,577,44,0.22141400000009526,11,2,RHR,L2_3,RS,D1
2699.778776,577,44,0.24714700000004086,11,2,RHR,L2_3,RS,D1
2709.072205,579,44,0.221592999999757,12,2,RHR,L2_3,RS,C3
2714.101218,580,44,0.5950339999999414,17,2,RHR,L2_3,RS,B1
2714.182018,580,44,0.6758340000001226,17,2,RHR,L2_3,RS,B1
2714.579016,580,44,1.0728320000002896,17,2,RHR,L2_3,RS,B1
2729.190123,583,44,1.7090249999996558,1,2,VTN,L2_3,RS,D2
2737.332057,585,44,0.5372160000001713,6,2,VTN,L2_3,RS,B3
2738.473019,585,44,1.6781780000001163,6,2,VTN,L2_3,RS,B3
2741.803706,586,44,0.34953300000006493,4,2,VTN,L2_3,RS,C2
2742.442536,586,44,0.9883629999999357,4,2,VTN,L2_3,RS,C2
2742.789002,586,44,1.3348289999998997,4,2,VTN,L2_3,RS,C2
2746.47222,587,44,0.36187500000005457,13,2,RHR,L2_3,RS,C2
2746.952285,587,44,0.841939999999795,13,2,RHR,L2_3,RS,C2
2747.19935,587,44,1.0890049999998155,13,2,RHR,L2_3,RS,C2
2755.822115,589,44,0.40714699999989534,10,2,RHR,L2_3,RS,D2
2760.211764,590,44,0.14010499999994863,17,2,RHR,L2_3,RS,B1
2761.305926,590,44,1.234266999999818,17,2,RHR,L2_3,RS,B1
2761.414793,590,44,1.3431339999997363,17,2,RHR,L2_3,RS,B1
2761.486459,590,44,1.4148000000000138,17,2,RHR,L2_3,RS,B1
2761.883491,590,44,1.8118319999998675,17,2,RHR,L2_3,RS,B1
2769.772359,592,44,0.38951700000006895,0,2,VTN,L2_3,RS,D3
2793.445429,597,44,0.7683689999998933,9,2,RHR,L2_3,RS,D3
2793.702295,597,44,1.025235000000066,9,2,RHR,L2_3,RS,D3
2798.572408,598,44,1.240016000000196,7,2,VTN,L2_3,RS,B2
2798.859941,598,44,1.5275490000003629,7,2,VTN,L2_3,RS,B2
2807.994537,600,44,1.344202000000223,0,2,VTN,L2_3,RS,D3
2816.503602,602,44,0.5411639999997533,0,2,VTN,L2_3,RS,D3
2816.639635,602,44,0.6771969999999783,0,2,VTN,L2_3,RS,D3
2817.246566,602,44,1.2841279999997823,0,2,VTN,L2_3,RS,D3
2817.556298,602,44,1.5938599999999497,0,2,VTN,L2_3,RS,D3
2817.722431,602,44,1.7599930000001223,0,2,VTN,L2_3,RS,D3
2817.795064,602,44,1.832625999999891,0,2,VTN,L2_3,RS,D3
2817.80103,602,44,1.8385920000000624,0,2,VTN,L2_3,RS,D3
2817.86513,602,44,1.9026920000001155,0,2,VTN,L2_3,RS,D3
2830.635178,605,44,0.7001460000001316,15,2,RHR,L2_3,RS,B3
2834.948694,606,44,0.3559700000000703,13,2,RHR,L2_3,RS,C2
2835.063494,606,44,0.4707699999999022,13,2,RHR,L2_3,RS,C2
2835.290459,606,44,0.6977349999997386,13,2,RHR,L2_3,RS,C2
2835.680125,606,44,1.0874009999997725,13,2,RHR,L2_3,RS,C2
2844.126057,608,44,0.21362999999973908,13,2,RHR,L2_3,RS,C2
2844.275123,608,44,0.36269599999968705,13,2,RHR,L2_3,RS,C2
2845.028353,608,44,1.115925999999945,13,2,RHR,L2_3,RS,C2
2845.145519,608,44,1.2330919999999423,13,2,RHR,L2_3,RS,C2
2848.921771,609,44,0.35417199999983495,13,2,RHR,L2_3,RS,C2
2848.927171,609,44,0.3595719999998437,13,2,RHR,L2_3,RS,C2
2849.190236,609,44,0.6226369999999406,13,2,RHR,L2_3,RS,C2
2849.516302,609,44,0.9487030000000232,13,2,RHR,L2_3,RS,C2
2858.619865,611,44,0.7438430000001972,10,2,RHR,L2_3,RS,D2
2867.410629,613,44,0.21958399999994072,4,2,VTN,L2_3,RS,C2
2867.481795,613,44,0.2907500000001164,4,2,VTN,L2_3,RS,C2
2867.688828,613,44,0.49778299999979936,4,2,VTN,L2_3,RS,C2
2867.864761,613,44,0.6737159999997857,4,2,VTN,L2_3,RS,C2
2872.069144,614,44,0.2242879999998877,4,2,VTN,L2_3,RS,C2
2872.15491,614,44,0.31005400000003647,4,2,VTN,L2_3,RS,C2
2872.295843,614,44,0.4509869999997136,4,2,VTN,L2_3,RS,C2
2872.373076,614,44,0.5282199999996919,4,2,VTN,L2_3,RS,C2
2872.426909,614,44,0.5820529999996324,4,2,VTN,L2_3,RS,C2
2882.03567,616,44,0.8771100000003571,12,2,RHR,L2_3,RS,C3
2883.576363,616,44,2.4178030000002764,12,2,RHR,L2_3,RS,C3
2886.067187,617,44,0.2564959999999701,6,2,VTN,L2_3,RS,B3
2890.892567,618,44,0.4258239999999205,2,2,VTN,L2_3,RS,D1
2891.699564,618,44,1.2328210000000581,2,2,VTN,L2_3,RS,D1
2891.91013,618,44,1.443387000000257,2,2,VTN,L2_3,RS,D1
2892.010896,618,44,1.5441529999998238,2,2,VTN,L2_3,RS,D1
2892.219495,618,44,1.752751999999873,2,2,VTN,L2_3,RS,D1
2905.387175,621,44,0.9501980000000003,17,2,RHR,L2_3,RS,B1
2905.392108,621,44,0.9551310000001649,17,2,RHR,L2_3,RS,B1
2919.546117,624,44,1.1419449999998506,0,2,VTN,L2_3,RS,D3
2919.739817,624,44,1.3356450000001132,0,2,VTN,L2_3,RS,D3
2919.818283,624,44,1.414111000000048,0,2,VTN,L2_3,RS,D3
2919.822883,624,44,1.4187109999998029,0,2,VTN,L2_3,RS,D3
2923.545535,625,44,0.4835910000001604,7,2,VTN,L2_3,RS,B2
2923.7483,625,44,0.6863560000001598,7,2,VTN,L2_3,RS,B2
2932.91813,627,44,0.5430030000002262,17,2,RHR,L2_3,RS,B1
2933.049663,627,44,0.6745359999999891,17,2,RHR,L2_3,RS,B1
2933.200795,627,44,0.8256680000004053,17,2,RHR,L2_3,RS,B1
2933.652527,627,44,1.277400000000398,17,2,RHR,L2_3,RS,B1
2951.142256,631,44,0.14604300000019066,13,2,RHR,L2_3,RS,C2
2960.919483,633,44,0.6097270000000208,12,2,RHR,L2_3,RS,C3
2961.092216,633,44,0.7824599999999009,12,2,RHR,L2_3,RS,C3
2974.883493,636,44,0.6058219999999892,16,2,RHR,L2_3,RS,B2
2979.677173,637,44,0.744890999999825,3,2,VTN,L2_3,RS,C3
3003.635876,642,44,1.4183359999997265,3,2,VTN,L2_3,RS,C3
3011.889876,644,44,0.3656330000003436,4,2,VTN,L2_3,RS,C2
3011.941276,644,44,0.41703300000017407,4,2,VTN,L2_3,RS,C2
3011.967342,644,44,0.44309900000007474,4,2,VTN,L2_3,RS,C2
3011.982042,644,44,0.4577990000002501,4,2,VTN,L2_3,RS,C2
3012.003609,644,44,0.47936600000002727,4,2,VTN,L2_3,RS,C2
3012.032709,644,44,0.5084660000002259,4,2,VTN,L2_3,RS,C2
3012.088775,644,44,0.5645320000003267,4,2,VTN,L2_3,RS,C2
3012.155875,644,44,0.6316320000000815,4,2,VTN,L2_3,RS,C2
3012.204175,644,44,0.679932000000008,4,2,VTN,L2_3,RS,C2
3022.110201,646,44,1.2648549999998977,0,2,VTN,L2_3,RS,D3
3036.122911,649,44,1.301089999999931,7,2,VTN,L2_3,RS,B2
3041.193424,650,44,1.713072000000011,0,2,VTN,L2_3,RS,D3
3054.112438,653,44,0.6669710000001032,9,2,RHR,L2_3,RS,D3
3054.118338,653,44,0.6728710000002138,9,2,RHR,L2_3,RS,D3
3072.414964,657,44,0.3514909999998963,12,2,RHR,L2_3,RS,C3
3086.363207,660,44,0.3306990000000951,7,2,VTN,L2_3,RS,B2
3091.141254,661,44,0.45345399999996516,11,2,RHR,L2_3,RS,D1
3091.566619,661,44,0.8788190000000213,11,2,RHR,L2_3,RS,D1
3091.630586,661,44,0.9427860000000692,11,2,RHR,L2_3,RS,D1
3095.62517,662,44,0.2826789999999164,10,2,RHR,L2_3,RS,D2
3109.732612,665,44,0.4232859999997345,9,2,RHR,L2_3,RS,D3
3110.066378,665,44,0.7570519999999306,9,2,RHR,L2_3,RS,D3
3123.991021,668,44,0.7128599999996368,14,2,RHR,L2_3,RS,C1
3137.904165,671,44,0.6523299999998926,9,2,RHR,L2_3,RS,D3
3138.092097,671,44,0.8402620000001662,9,2,RHR,L2_3,RS,D3
3165.401453,677,44,0.22298799999998664,11,2,RHR,L2_3,RS,D1
3171.257963,678,44,1.4245270000001256,7,2,VTN,L2_3,RS,B2
3171.288196,678,44,1.4547600000000784,7,2,VTN,L2_3,RS,B2
3171.356562,678,44,1.5231260000000475,7,2,VTN,L2_3,RS,B2
3176.813273,679,44,2.3235850000000937,8,2,VTN,L2_3,RS,B1
3179.901127,680,44,0.7495079999998779,12,2,RHR,L2_3,RS,C3
3184.030777,681,44,0.22566599999981918,4,2,VTN,L2_3,RS,C2
3184.101644,681,44,0.2965329999997266,4,2,VTN,L2_3,RS,C2
3184.213477,681,44,0.40836599999965983,4,2,VTN,L2_3,RS,C2
3184.220043,681,44,0.41493199999968056,4,2,VTN,L2_3,RS,C2
3184.24241,681,44,0.43729899999971167,4,2,VTN,L2_3,RS,C2
3184.337076,681,44,0.5319649999996727,4,2,VTN,L2_3,RS,C2
3184.380343,681,44,0.5752319999996871,4,2,VTN,L2_3,RS,C2
3184.416876,681,44,0.6117649999996502,4,2,VTN,L2_3,RS,C2
3184.483142,681,44,0.678030999999919,4,2,VTN,L2_3,RS,C2
3184.491376,681,44,0.6862649999998212,4,2,VTN,L2_3,RS,C2
3203.90493,685,44,1.4730530000001636,1,2,VTN,L2_3,RS,D2
3211.964364,687,44,0.22178399999984322,9,2,RHR,L2_3,RS,D3
3221.389226,689,44,0.33078299999988303,13,2,RHR,L2_3,RS,C2
3230.409156,691,44,0.03749000000016167,7,2,VTN,L2_3,RS,B2
3230.630122,691,44,0.2584560000000238,7,2,VTN,L2_3,RS,B2
3230.791754,691,44,0.4200879999998506,7,2,VTN,L2_3,RS,B2
3230.803788,691,44,0.4321220000001631,7,2,VTN,L2_3,RS,B2
3244.559732,694,44,0.2201509999999871,4,2,VTN,L2_3,RS,C2
3244.607265,694,44,0.26768399999991743,4,2,VTN,L2_3,RS,C2
3244.636031,694,44,0.29644999999982247,4,2,VTN,L2_3,RS,C2
3244.789064,694,44,0.44948299999987285,4,2,VTN,L2_3,RS,C2
3244.852064,694,44,0.5124829999999747,4,2,VTN,L2_3,RS,C2
3244.857364,694,44,0.5177829999997812,4,2,VTN,L2_3,RS,C2
3244.861231,694,44,0.5216499999996813,4,2,VTN,L2_3,RS,C2
3244.900197,694,44,0.5606159999997544,4,2,VTN,L2_3,RS,C2
3244.912564,694,44,0.572983000000022,4,2,VTN,L2_3,RS,C2
3244.937064,694,44,0.5974830000000111,4,2,VTN,L2_3,RS,C2
3244.944864,694,44,0.6052829999998721,4,2,VTN,L2_3,RS,C2
3244.954463,694,44,0.6148819999998523,4,2,VTN,L2_3,RS,C2
3244.980397,694,44,0.6408159999996315,4,2,VTN,L2_3,RS,C2
3244.98893,694,44,0.6493489999998019,4,2,VTN,L2_3,RS,C2
3245.141529,694,44,0.8019479999998111,4,2,VTN,L2_3,RS,C2
3254.393458,696,44,0.7446540000000823,16,2,RHR,L2_3,RS,B2
3254.637258,696,44,0.9884540000002744,16,2,RHR,L2_3,RS,B2
3255.519987,696,44,1.871183000000201,16,2,RHR,L2_3,RS,B2
3259.071906,697,44,0.7667300000002797,12,2,RHR,L2_3,RS,C3
3267.86337,699,44,0.2505310000001373,2,2,VTN,L2_3,RS,D1
3268.09397,699,44,0.48113100000000486,2,2,VTN,L2_3,RS,D1
3268.233369,699,44,0.6205300000001444,2,2,VTN,L2_3,RS,D1
3268.238869,699,44,0.6260299999999006,2,2,VTN,L2_3,RS,D1
3268.250769,699,44,0.6379300000003241,2,2,VTN,L2_3,RS,D1
3268.617601,699,44,1.004762000000028,2,2,VTN,L2_3,RS,D1
3268.623801,699,44,1.0109620000002906,2,2,VTN,L2_3,RS,D1
3268.643934,699,44,1.0310950000002777,2,2,VTN,L2_3,RS,D1
3269.102732,699,44,1.4898929999999382,2,2,VTN,L2_3,RS,D1
3286.600361,703,44,0.3573159999996278,9,2,RHR,L2_3,RS,D3
3287.014259,703,44,0.7712139999998726,9,2,RHR,L2_3,RS,D3
3287.383358,703,44,1.1403129999998782,9,2,RHR,L2_3,RS,D3
3287.412124,703,44,1.1690789999997833,9,2,RHR,L2_3,RS,D3
3287.565057,703,44,1.3220119999996314,9,2,RHR,L2_3,RS,D3
3291.182743,704,44,0.28280599999970946,4,2,VTN,L2_3,RS,C2
3291.281342,704,44,0.38140500000008615,4,2,VTN,L2_3,RS,C2
3291.392442,704,44,0.49250499999971,4,2,VTN,L2_3,RS,C2
3291.454708,704,44,0.5547710000000734,4,2,VTN,L2_3,RS,C2
3291.487041,704,44,0.5871039999997265,4,2,VTN,L2_3,RS,C2
3291.702507,704,44,0.8025699999998324,4,2,VTN,L2_3,RS,C2
3291.70784,704,44,0.8079029999998966,4,2,VTN,L2_3,RS,C2
3301.449334,706,44,1.2340540000000146,17,2,RHR,L2_3,RS,B1
3301.600634,706,44,1.3853540000000066,17,2,RHR,L2_3,RS,B1
3301.7107,706,44,1.4954200000001947,17,2,RHR,L2_3,RS,B1
3309.776967,708,44,0.2531839999996919,0,2,VTN,L2_3,RS,D3
3315.158379,709,44,0.97854499999994,3,2,VTN,L2_3,RS,C3
3324.804706,711,44,1.3096489999998084,7,2,VTN,L2_3,RS,B2
3324.967905,711,44,1.4728479999998854,7,2,VTN,L2_3,RS,B2
3325.089338,711,44,1.5942810000001373,7,2,VTN,L2_3,RS,B2
3328.559291,712,44,0.40890200000012555,10,2,RHR,L2_3,RS,D2
3333.769536,713,44,0.9293759999995928,11,2,RHR,L2_3,RS,D1
3333.916002,713,44,1.0758419999997386,11,2,RHR,L2_3,RS,D1
3337.849053,714,44,0.3206809999996949,4,2,VTN,L2_3,RS,C2
3338.148185,714,44,0.6198129999997946,4,2,VTN,L2_3,RS,C2
3338.229185,714,44,0.7008129999999255,4,2,VTN,L2_3,RS,C2
3342.942199,715,44,0.724496000000272,13,2,RHR,L2_3,RS,C2
3352.034696,717,44,0.4522100000003775,13,2,RHR,L2_3,RS,C2
3352.325261,717,44,0.7427750000001652,13,2,RHR,L2_3,RS,C2
3352.419861,717,44,0.8373750000000655,13,2,RHR,L2_3,RS,C2
3361.294291,719,44,0.3493419999999787,13,2,RHR,L2_3,RS,C2
3361.491857,719,44,0.546907999999803,13,2,RHR,L2_3,RS,C2
3361.62189,719,44,0.6769409999997151,13,2,RHR,L2_3,RS,C2
3367.119301,720,44,1.4882210000000669,1,2,VTN,L2_3,RS,D2
