WT,MUT
128.99,112.32
100.73,74.82
106.38,75.78
146.28,79.34
158.62,102.04
122.62,107.54
153.29,135.6
139.77,114.23
109.22,72.59
137.22,95.89
110.3,88.86
124.91,141.58
121.73,69
163.61,118.49
126.01,150.87
166.3,153.88
139.31,120.24
82.15,156.54
94.71,127.66
77.39,77.06
120.6,63.36
123.53,80.62
105.94,147.47
124.33,79.43
91.38,99.17
97.33,84.82
96.42,132.03
64.33,108.41
92.59,105.02
103.35,71.08
113.6,83.65
138.61,117.42
87.76,99.85
115.82,95.26
70.91,135.76
144.21,71.2
129.42,162.86
165.25,113.49
153.9,76.1
185.41,90.4
121.25,160.49
163.14,97.19
136.28,109.69
135.06,132.53
142.09,97.89
106.83,137.26
136.72,72.44
140.34,108.47
156.54,39.63
139.88,141.66
143.43,125.16
131.16,49.78
133.99,92.54
86.79,94.46
106.37,102.19
129.6,87.9
119.19,77.63
92.91,89.15
136.5,160.1
137.77,128.47
65.82,120.5
64.9,127.38
100.62,76.64
78.85,66.45
118.7,34.74
137.34,43.35
96.59,147.36
74.21,120.6
133.08,62.77
92.89,93.53
147.83,135.95
165.14,119.54
108.54,
139.87,
98.21,
75.97,